id,username,customer_name,segment,pincode_id,last_updated_at
1,AA-10315,Alex Avila,Consumer,309,12/13/2024
2,AA-10375,Allen Armold,Consumer,55,12/13/2024
3,AA-10480,Andrew Allen,Consumer,119,12/13/2024
4,AA-10645,Anna Andreadi,Consumer,542,12/13/2024
5,AB-10015,Aaron Bergman,Consumer,392,12/13/2024
6,AB-10060,Adam Bellavance,Home Office,620,12/13/2024
7,AB-10105,Adrian Barton,Consumer,217,12/13/2024
8,AB-10150,Aimee Bixby,Consumer,398,12/13/2024
9,AB-10165,Alan Barnes,Consumer,613,12/13/2024
10,AB-10255,Alejandro Ballentine,Home Office,517,12/13/2024
11,AB-10600,Ann Blume,Corporate,500,12/13/2024
12,AC-10420,Alyssa Crouse,Corporate,423,12/13/2024
13,AC-10450,Amy Cox,Consumer,377,12/13/2024
14,AC-10615,Ann Chong,Corporate,71,12/13/2024
15,AC-10660,Anna Chung,Consumer,427,12/13/2024
16,AD-10180,Alan Dominguez,Home Office,33,12/13/2024
17,AF-10870,Art Ferguson,Consumer,439,12/13/2024
18,AF-10885,Art Foster,Consumer,225,12/13/2024
19,AG-10270,Alejandro Grove,Consumer,79,12/13/2024
20,AG-10300,Aleksandra Gannaway,Corporate,578,12/13/2024
21,AG-10330,Alex Grayson,Consumer,490,12/13/2024
22,AG-10390,Allen Goldenen,Consumer,514,12/13/2024
23,AG-10495,Andrew Gjertsen,Corporate,81,12/13/2024
24,AG-10525,Andy Gerbode,Corporate,53,12/13/2024
25,AG-10675,Anna Gayman,Consumer,144,12/13/2024
26,AG-10765,Anthony Garverick,Home Office,347,12/13/2024
27,AG-10900,Arthur Gainer,Consumer,101,12/13/2024
28,AH-10030,Aaron Hawkins,Corporate,80,12/13/2024
29,AH-10075,Adam Hart,Corporate,138,12/13/2024
30,AH-10120,Adrian Hane,Home Office,410,12/13/2024
31,AH-10195,Alan Haines,Corporate,347,12/13/2024
32,AH-10210,Alan Hwang,Consumer,620,12/13/2024
33,AH-10465,Amy Hunt,Consumer,55,12/13/2024
34,AH-10585,Angele Hood,Consumer,347,12/13/2024
35,AH-10690,Anna Häberlin,Corporate,538,12/13/2024
36,AI-10855,Arianne Irving,Consumer,102,12/13/2024
37,AJ-10780,Anthony Jacobs,Corporate,493,12/13/2024
38,AJ-10795,Anthony Johnson,Corporate,545,12/13/2024
39,AJ-10945,Ashley Jarboe,Consumer,491,12/13/2024
40,AJ-10960,Astrea Jones,Consumer,540,12/13/2024
41,AM-10360,Alice McCarthy,Corporate,516,12/13/2024
42,AM-10705,Anne McFarland,Consumer,107,12/13/2024
43,AO-10810,Anthony ODonnell,Corporate,518,12/13/2024
44,AP-10720,Anne Pryor,Home Office,53,12/13/2024
45,AP-10915,Arthur Prichep,Consumer,467,12/13/2024
46,AR-10345,Alex Russell,Corporate,5,12/13/2024
47,AR-10405,Allen Rosenblatt,Corporate,8,12/13/2024
48,AR-10510,Andrew Roberts,Consumer,395,12/13/2024
49,AR-10540,Andy Reiter,Consumer,54,12/13/2024
50,AR-10570,Anemone Ratner,Consumer,144,12/13/2024
51,AR-10825,Anthony Rawles,Corporate,222,12/13/2024
52,AS-10045,Aaron Smayling,Corporate,528,12/13/2024
53,AS-10090,Adam Shillingsburg,Consumer,99,12/13/2024
54,AS-10135,Adrian Shami,Home Office,55,12/13/2024
55,AS-10225,Alan Schoenberger,Corporate,576,12/13/2024
56,AS-10240,Alan Shonely,Consumer,229,12/13/2024
57,AS-10285,Alejandro Savely,Corporate,327,12/13/2024
58,AS-10630,Ann Steele,Home Office,429,12/13/2024
59,AT-10435,Alyssa Tate,Home Office,514,12/13/2024
60,AT-10735,Annie Thurman,Consumer,52,12/13/2024
61,AW-10840,Anthony Witt,Consumer,81,12/13/2024
62,AW-10930,Arthur Wiediger,Home Office,309,12/13/2024
63,AY-10555,Andy Yotov,Corporate,541,12/13/2024
64,AZ-10750,Annie Zypern,Consumer,331,12/13/2024
65,BB-10990,Barry Blumstein,Corporate,521,12/13/2024
66,BB-11545,Brenda Bowman,Corporate,587,12/13/2024
67,BC-11125,Becky Castell,Home Office,497,12/13/2024
68,BD-11320,Bill Donatelli,Consumer,518,12/13/2024
69,BD-11500,Bradley Drucker,Consumer,578,12/13/2024
70,BD-11560,Brendan Dodson,Home Office,572,12/13/2024
71,BD-11605,Brian Dahlen,Consumer,169,12/13/2024
72,BD-11620,Brian DeCherney,Consumer,393,12/13/2024
73,BD-11635,Brian Derr,Consumer,215,12/13/2024
74,BD-11725,Bruce Degenhardt,Consumer,516,12/13/2024
75,BD-11770,Bryan Davis,Consumer,54,12/13/2024
76,BE-11335,Bill Eplett,Home Office,277,12/13/2024
77,BE-11410,Bobby Elias,Consumer,168,12/13/2024
78,BE-11455,Brad Eason,Home Office,229,12/13/2024
79,BF-10975,Barbara Fisher,Corporate,79,12/13/2024
80,BF-11005,Barry Franz,Home Office,528,12/13/2024
81,BF-11020,Barry Französisch,Corporate,594,12/13/2024
82,BF-11080,Bart Folk,Consumer,54,12/13/2024
83,BF-11170,Ben Ferrer,Home Office,5,12/13/2024
84,BF-11215,Benjamin Farhat,Home Office,410,12/13/2024
85,BF-11275,Beth Fritzler,Corporate,168,12/13/2024
86,BG-11035,Barry Gonzalez,Consumer,111,12/13/2024
87,BG-11695,Brooke Gillingham,Corporate,371,12/13/2024
88,BG-11740,Bruce Geld,Consumer,568,12/13/2024
89,BH-11710,Brosina Hoffman,Consumer,208,12/13/2024
90,BK-11260,Berenike Kampe,Consumer,577,12/13/2024
91,BM-11140,Becky Martin,Consumer,566,12/13/2024
92,BM-11575,Brendan Murry,Corporate,518,12/13/2024
93,BM-11650,Brian Moss,Corporate,292,12/13/2024
94,BM-11785,Bryan Mills,Consumer,98,12/13/2024
95,BN-11470,Brad Norvell,Corporate,581,12/13/2024
96,BN-11515,Bradley Nguyen,Consumer,519,12/13/2024
97,BO-11350,Bill Overfelt,Corporate,304,12/13/2024
98,BO-11425,Bobby Odegard,Consumer,212,12/13/2024
99,BP-11050,Barry Pond,Corporate,18,12/13/2024
100,BP-11095,Bart Pistole,Corporate,54,12/13/2024
101,BP-11155,Becky Pak,Consumer,53,12/13/2024
102,BP-11185,Ben Peterman,Corporate,563,12/13/2024
103,BP-11230,Benjamin Patterson,Consumer,629,12/13/2024
104,BP-11290,Beth Paige,Consumer,222,12/13/2024
105,BS-11365,Bill Shonely,Corporate,392,12/13/2024
106,BS-11380,Bill Stewart,Corporate,464,12/13/2024
107,BS-11590,Brendan Sweed,Corporate,210,12/13/2024
108,BS-11665,Brian Stugart,Consumer,347,12/13/2024
109,BS-11755,Bruce Stewart,Consumer,614,12/13/2024
110,BS-11800,Bryan Spruell,Home Office,53,12/13/2024
111,BT-11305,Beth Thompson,Home Office,555,12/13/2024
112,BT-11395,Bill Tyler,Corporate,514,12/13/2024
113,BT-11440,Bobby Trafton,Consumer,338,12/13/2024
114,BT-11485,Brad Thomas,Home Office,81,12/13/2024
115,BT-11530,Bradley Talbott,Home Office,519,12/13/2024
116,BT-11680,Brian Thompson,Consumer,170,12/13/2024
117,BV-11245,Benjamin Venier,Corporate,280,12/13/2024
118,BW-11065,Barry Weirich,Consumer,79,12/13/2024
119,BW-11110,Bart Watters,Corporate,629,12/13/2024
120,BW-11200,Ben Wallace,Consumer,516,12/13/2024
121,CA-11965,Carol Adams,Corporate,230,12/13/2024
122,CA-12055,Cathy Armstrong,Home Office,229,12/13/2024
123,CA-12265,Christina Anderson,Consumer,198,12/13/2024
124,CA-12310,Christine Abelman,Corporate,563,12/13/2024
125,CA-12775,Cynthia Arntzen,Consumer,267,12/13/2024
126,CB-12025,Cassandra Brandow,Consumer,185,12/13/2024
127,CB-12415,Christy Brittain,Consumer,346,12/13/2024
128,CB-12535,Claudia Bergmann,Corporate,113,12/13/2024
129,CC-12100,Chad Cunningham,Home Office,252,12/13/2024
130,CC-12145,Charles Crestani,Consumer,425,12/13/2024
131,CC-12220,Chris Cortes,Consumer,33,12/13/2024
132,CC-12370,Christopher Conant,Consumer,53,12/13/2024
133,CC-12430,Chuck Clark,Home Office,252,12/13/2024
134,CC-12475,Cindy Chapman,Consumer,82,12/13/2024
135,CC-12550,Clay Cheatham,Consumer,400,12/13/2024
136,CC-12610,Corey Catlett,Corporate,222,12/13/2024
137,CC-12670,Craig Carreira,Consumer,52,12/13/2024
138,CC-12685,Craig Carroll,Consumer,452,12/13/2024
139,CD-11920,Carlos Daly,Consumer,55,12/13/2024
140,CD-11980,Carol Darley,Consumer,53,12/13/2024
141,CD-12280,Christina DeMoss,Consumer,620,12/13/2024
142,CD-12790,Cynthia Delaney,Home Office,30,12/13/2024
143,CG-12040,Catherine Glotzbach,Home Office,292,12/13/2024
144,CG-12520,Claire Gute,Consumer,424,12/13/2024
145,CH-12070,Cathy Hwang,Home Office,115,12/13/2024
146,CJ-11875,Carl Jackson,Corporate,81,12/13/2024
147,CJ-12010,Caroline Jumper,Consumer,557,12/13/2024
148,CK-12205,Chloris Kastensmidt,Consumer,618,12/13/2024
149,CK-12325,Christine Kargatis,Home Office,619,12/13/2024
150,CK-12595,Clytie Kelty,Consumer,122,12/13/2024
151,CK-12760,Cyma Kinney,Corporate,343,12/13/2024
152,CL-11890,Carl Ludwig,Consumer,11,12/13/2024
153,CL-12565,Clay Ludtke,Consumer,395,12/13/2024
154,CL-12700,Craig Leslie,Home Office,213,12/13/2024
155,CM-11815,Candace McMahon,Corporate,621,12/13/2024
156,CM-11935,Carlos Meador,Consumer,123,12/13/2024
157,CM-12115,Chad McGuire,Consumer,515,12/13/2024
158,CM-12160,Charles McCrossin,Consumer,80,12/13/2024
159,CM-12190,Charlotte Melton,Consumer,311,12/13/2024
160,CM-12235,Chris McAfee,Consumer,68,12/13/2024
161,CM-12385,Christopher Martinez,Consumer,346,12/13/2024
162,CM-12445,Chuck Magee,Consumer,425,12/13/2024
163,CM-12655,Corinna Mitchell,Home Office,621,12/13/2024
164,CM-12715,Craig Molinari,Corporate,424,12/13/2024
165,Co-12640,Corey-Lock,Consumer,132,12/13/2024
166,CP-12085,Cathy Prescott,Corporate,230,12/13/2024
167,CP-12340,Christine Phan,Corporate,52,12/13/2024
168,CR-12580,Clay Rozendal,Home Office,540,12/13/2024
169,CR-12625,Corey Roper,Home Office,144,12/13/2024
170,CR-12730,Craig Reiter,Consumer,52,12/13/2024
171,CR-12820,Cyra Reiten,Home Office,55,12/13/2024
172,CS-11845,Cari Sayre,Corporate,619,12/13/2024
173,CS-11860,Cari Schnelling,Consumer,54,12/13/2024
174,CS-11950,Carlos Soltero,Consumer,54,12/13/2024
175,CS-12130,Chad Sievert,Consumer,461,12/13/2024
176,CS-12175,Charles Sheldon,Corporate,578,12/13/2024
177,CS-12250,Chris Selesnick,Corporate,516,12/13/2024
178,CS-12355,Christine Sundaresam,Consumer,377,12/13/2024
179,CS-12400,Christopher Schild,Home Office,317,12/13/2024
180,CS-12460,Chuck Sachs,Consumer,52,12/13/2024
181,CS-12490,Cindy Schnelling,Corporate,426,12/13/2024
182,CS-12505,Cindy Stewart,Consumer,517,12/13/2024
183,CT-11995,Carol Triggs,Consumer,311,12/13/2024
184,CV-12295,Christina VanderZanden,Consumer,269,12/13/2024
185,CV-12805,Cynthia Voltz,Corporate,55,12/13/2024
186,CW-11905,Carl Weiss,Home Office,18,12/13/2024
187,CY-12745,Craig Yedwab,Corporate,346,12/13/2024
188,DA-13450,Dianna Arnett,Home Office,87,12/13/2024
189,DB-12910,Daniel Byrd,Home Office,573,12/13/2024
190,DB-12970,Darren Budd,Corporate,514,12/13/2024
191,DB-13060,Dave Brooks,Consumer,329,12/13/2024
192,DB-13120,David Bremer,Corporate,589,12/13/2024
193,DB-13210,Dean Braden,Consumer,43,12/13/2024
194,DB-13270,Deborah Brumfield,Home Office,581,12/13/2024
195,DB-13360,Dennis Bolton,Home Office,31,12/13/2024
196,DB-13405,Denny Blanton,Consumer,246,12/13/2024
197,DB-13555,Dorothy Badders,Corporate,115,12/13/2024
198,DB-13615,Doug Bickford,Consumer,127,12/13/2024
199,DB-13660,Duane Benoit,Consumer,62,12/13/2024
200,DC-12850,Dan Campbell,Consumer,257,12/13/2024
201,DC-13285,Debra Catini,Consumer,101,12/13/2024
202,DD-13570,Dorothy Dickinson,Consumer,97,12/13/2024
203,DE-13255,Deanra Eno,Home Office,241,12/13/2024
204,DF-13135,David Flashing,Consumer,350,12/13/2024
205,DG-13300,Deirdre Greer,Corporate,55,12/13/2024
206,DH-13075,Dave Hallsten,Corporate,584,12/13/2024
207,DH-13675,Duane Huffman,Home Office,98,12/13/2024
208,DJ-13420,Denny Joy,Corporate,292,12/13/2024
209,DJ-13510,Don Jones,Corporate,494,12/13/2024
210,DJ-13630,Doug Jacobs,Consumer,52,12/13/2024
211,DK-12835,Damala Kotsonis,Corporate,269,12/13/2024
212,DK-12895,Dana Kaydos,Consumer,159,12/13/2024
213,DK-12985,Darren Koutras,Consumer,193,12/13/2024
214,DK-13090,Dave Kipp,Consumer,61,12/13/2024
215,DK-13150,David Kendrick,Corporate,52,12/13/2024
216,DK-13225,Dean Katz,Corporate,71,12/13/2024
217,DK-13375,Dennis Kane,Consumer,453,12/13/2024
218,DL-12865,Dan Lawera,Consumer,166,12/13/2024
219,DL-12925,Daniel Lacy,Consumer,305,12/13/2024
220,DL-13315,Delfina Latchford,Consumer,55,12/13/2024
221,DL-13330,Denise Leinenbach,Consumer,506,12/13/2024
222,DL-13495,Dionis Lloyd,Corporate,529,12/13/2024
223,Dl-13600,Dorris liebe,Corporate,229,12/13/2024
224,DM-12955,Dario Medina,Corporate,197,12/13/2024
225,DM-13015,Darrin Martin,Consumer,82,12/13/2024
226,DM-13345,Denise Monton,Corporate,576,12/13/2024
227,DM-13525,Don Miller,Corporate,424,12/13/2024
228,DN-13690,Duane Noonan,Consumer,395,12/13/2024
229,DO-13435,Denny Ordway,Consumer,485,12/13/2024
230,DO-13645,Doug OConnell,Consumer,43,12/13/2024
231,DP-13000,Darren Powers,Consumer,346,12/13/2024
232,DP-13105,Dave Poirier,Corporate,477,12/13/2024
233,DP-13165,David Philippe,Consumer,346,12/13/2024
234,Dp-13240,Dean percer,Home Office,122,12/13/2024
235,DP-13390,Dennis Pardue,Home Office,184,12/13/2024
236,DR-12880,Dan Reichenbach,Corporate,219,12/13/2024
237,DR-12940,Daniel Raglin,Home Office,158,12/13/2024
238,DS-13030,Darrin Sayre,Home Office,457,12/13/2024
239,DS-13180,David Smith,Corporate,441,12/13/2024
240,DV-13045,Darrin Van Huff,Corporate,149,12/13/2024
241,DV-13465,Dianna Vittorini,Consumer,464,12/13/2024
242,DW-13195,David Wiener,Corporate,611,12/13/2024
243,DW-13480,Dianna Wilson,Home Office,210,12/13/2024
244,DW-13540,Don Weiss,Consumer,620,12/13/2024
245,DW-13585,Dorothy Wardle,Corporate,41,12/13/2024
246,EA-14035,Erin Ashbrook,Corporate,80,12/13/2024
247,EB-13705,Ed Braxton,Corporate,54,12/13/2024
248,EB-13750,Edward Becker,Corporate,559,12/13/2024
249,EB-13840,Ellis Ballard,Corporate,620,12/13/2024
250,EB-13870,Emily Burns,Consumer,82,12/13/2024
251,EB-13930,Eric Barreto,Consumer,348,12/13/2024
252,EB-13975,Erica Bern,Corporate,584,12/13/2024
253,EB-14110,Eugene Barchas,Consumer,80,12/13/2024
254,EB-14170,Evan Bailliet,Consumer,124,12/13/2024
255,EC-14050,Erin Creighton,Consumer,392,12/13/2024
256,ED-13885,Emily Ducich,Home Office,425,12/13/2024
257,EG-13900,Emily Grady,Consumer,81,12/13/2024
258,EH-13765,Edward Hooks,Corporate,68,12/13/2024
259,EH-13945,Eric Hoffmann,Consumer,202,12/13/2024
260,EH-13990,Erica Hackney,Consumer,423,12/13/2024
261,EH-14005,Erica Hernandez,Home Office,197,12/13/2024
262,EH-14125,Eugene Hildebrand,Home Office,170,12/13/2024
263,EH-14185,Evan Henry,Consumer,82,12/13/2024
264,EJ-13720,Ed Jacobs,Consumer,515,12/13/2024
265,EJ-14155,Eva Jacobs,Consumer,620,12/13/2024
266,EK-13795,Eileen Kiefer,Home Office,539,12/13/2024
267,EL-13735,Ed Ludwig,Home Office,92,12/13/2024
268,EM-13810,Eleni McCrary,Corporate,8,12/13/2024
269,EM-13825,Elizabeth Moffitt,Corporate,407,12/13/2024
270,EM-13960,Eric Murdock,Consumer,576,12/13/2024
271,EM-14065,Erin Mull,Consumer,52,12/13/2024
272,EM-14095,Eudokia Martin,Corporate,54,12/13/2024
273,EM-14140,Eugene Moren,Home Office,495,12/13/2024
274,EM-14200,Evan Minnotte,Home Office,410,12/13/2024
275,EN-13780,Edward Nazzal,Consumer,411,12/13/2024
276,EP-13915,Emily Phan,Consumer,515,12/13/2024
277,ER-13855,Elpida Rittenbach,Corporate,122,12/13/2024
278,ES-14020,Erica Smith,Consumer,204,12/13/2024
279,ES-14080,Erin Smith,Corporate,230,12/13/2024
280,FA-14230,Frank Atkinson,Corporate,515,12/13/2024
281,FC-14245,Frank Carlisle,Home Office,230,12/13/2024
282,FC-14335,Fred Chung,Corporate,409,12/13/2024
283,FG-14260,Frank Gastineau,Home Office,52,12/13/2024
284,FH-14275,Frank Hawley,Corporate,79,12/13/2024
285,FH-14350,Fred Harton,Consumer,218,12/13/2024
286,FH-14365,Fred Hopkins,Corporate,515,12/13/2024
287,FM-14215,Filia McAdams,Corporate,28,12/13/2024
288,FM-14290,Frank Merwin,Home Office,212,12/13/2024
289,FM-14380,Fred McMath,Consumer,125,12/13/2024
290,FO-14305,Frank Olsen,Consumer,424,12/13/2024
291,FP-14320,Frank Preis,Consumer,515,12/13/2024
292,FW-14395,Fred Wasserman,Corporate,516,12/13/2024
293,GA-14515,George Ashbrook,Consumer,514,12/13/2024
294,GA-14725,Guy Armstrong,Consumer,407,12/13/2024
295,GB-14530,George Bell,Corporate,65,12/13/2024
296,GB-14575,Giulietta Baptist,Consumer,96,12/13/2024
297,GD-14590,Giulietta Dortch,Corporate,623,12/13/2024
298,GG-14650,Greg Guthrie,Corporate,619,12/13/2024
299,GH-14410,Gary Hansen,Home Office,498,12/13/2024
300,GH-14425,Gary Hwang,Consumer,594,12/13/2024
301,GH-14485,Gene Hale,Corporate,406,12/13/2024
302,GH-14665,Greg Hansen,Consumer,448,12/13/2024
303,GK-14620,Grace Kelly,Corporate,400,12/13/2024
304,GM-14440,Gary McGarr,Consumer,52,12/13/2024
305,GM-14455,Gary Mitchum,Home Office,348,12/13/2024
306,GM-14500,Gene McClure,Consumer,619,12/13/2024
307,GM-14680,Greg Matthias,Consumer,80,12/13/2024
308,GM-14695,Greg Maxwell,Corporate,517,12/13/2024
309,GP-14740,Guy Phonely,Corporate,2,12/13/2024
310,GR-14560,Georgia Rosenberg,Corporate,577,12/13/2024
311,GT-14635,Grant Thornton,Corporate,109,12/13/2024
312,GT-14710,Greg Tran,Consumer,424,12/13/2024
313,GT-14755,Guy Thornton,Consumer,350,12/13/2024
314,GW-14605,Giulietta Weimer,Consumer,81,12/13/2024
315,GZ-14470,Gary Zandusky,Consumer,576,12/13/2024
316,GZ-14545,George Zrebassa,Corporate,517,12/13/2024
317,HA-14905,Helen Abelman,Consumer,467,12/13/2024
318,HA-14920,Helen Andreada,Consumer,79,12/13/2024
319,HD-14785,Harold Dahlen,Home Office,9,12/13/2024
320,HE-14800,Harold Engle,Corporate,292,12/13/2024
321,HF-14995,Herbert Flentye,Consumer,244,12/13/2024
322,HG-14845,Harry Greene,Consumer,411,12/13/2024
323,HG-14965,Henry Goldwyn,Corporate,348,12/13/2024
324,HG-15025,Hunter Glantz,Consumer,62,12/13/2024
325,HH-15010,Hilary Holden,Corporate,577,12/13/2024
326,HJ-14875,Heather Jas,Home Office,269,12/13/2024
327,HK-14890,Heather Kirkland,Corporate,573,12/13/2024
328,HL-15040,Hunter Lopez,Consumer,84,12/13/2024
329,HM-14860,Harry Marie,Corporate,619,12/13/2024
330,HM-14980,Henry MacAllister,Consumer,620,12/13/2024
331,HP-14815,Harold Pawlan,Home Office,54,12/13/2024
332,HR-14770,Hallie Redmond,Home Office,518,12/13/2024
333,HR-14830,Harold Ryan,Corporate,557,12/13/2024
334,HW-14935,Helen Wasserman,Corporate,348,12/13/2024
335,HZ-14950,Henia Zydlo,Consumer,170,12/13/2024
336,IG-15085,Ivan Gibson,Consumer,385,12/13/2024
337,IL-15100,Ivan Liston,Consumer,252,12/13/2024
338,IM-15055,Ionia McGrath,Consumer,597,12/13/2024
339,IM-15070,Irene Maddox,Consumer,619,12/13/2024
340,JA-15970,Joseph Airdo,Consumer,56,12/13/2024
341,JB-15400,Jennifer Braxton,Corporate,350,12/13/2024
342,JB-15925,Joni Blumstein,Consumer,218,12/13/2024
343,JB-16000,Joy Bell-,Consumer,444,12/13/2024
344,JB-16045,Julia Barnett,Home Office,32,12/13/2024
345,JC-15340,Jasper Cacioppo,Consumer,516,12/13/2024
346,JC-15385,Jenna Caffey,Consumer,615,12/13/2024
347,JC-15775,John Castell,Consumer,82,12/13/2024
348,JC-16105,Julie Creighton,Corporate,138,12/13/2024
349,JD-15790,John Dryer,Consumer,399,12/13/2024
350,JD-15895,Jonathan Doherty,Corporate,101,12/13/2024
351,JD-16015,Joy Daniels,Consumer,225,12/13/2024
352,JD-16060,Julia Dunbar,Consumer,311,12/13/2024
353,JD-16150,Justin Deggeller,Corporate,53,12/13/2024
354,JE-15475,Jeremy Ellison,Consumer,58,12/13/2024
355,JE-15610,Jim Epp,Corporate,517,12/13/2024
356,JE-15715,Joe Elijah,Consumer,519,12/13/2024
357,JE-15745,Joel Eaton,Consumer,541,12/13/2024
358,JE-16165,Justin Ellison,Corporate,129,12/13/2024
359,JF-15190,Jamie Frazer,Consumer,80,12/13/2024
360,JF-15295,Jason Fortune-,Consumer,400,12/13/2024
361,JF-15355,Jay Fein,Consumer,450,12/13/2024
362,JF-15415,Jennifer Ferguson,Consumer,54,12/13/2024
363,JF-15490,Jeremy Farry,Consumer,494,12/13/2024
364,JF-15565,Jill Fjeld,Consumer,123,12/13/2024
365,JG-15115,Jack Garza,Consumer,125,12/13/2024
366,JG-15160,James Galang,Consumer,519,12/13/2024
367,JG-15310,Jason Gross,Corporate,527,12/13/2024
368,JG-15805,John Grady,Corporate,65,12/13/2024
369,JH-15430,Jennifer Halladay,Consumer,157,12/13/2024
370,JH-15820,John Huston,Consumer,346,12/13/2024
371,JH-15910,Jonathan Howell,Consumer,347,12/13/2024
372,JH-15985,Joseph Holt,Consumer,273,12/13/2024
373,JH-16180,Justin Hirsh,Consumer,603,12/13/2024
374,JJ-15445,Jennifer Jackson,Consumer,291,12/13/2024
375,JJ-15760,Joel Jenkins,Home Office,422,12/13/2024
376,JK-15205,Jamie Kunitz,Consumer,578,12/13/2024
377,JK-15325,Jason Klamczynski,Corporate,516,12/13/2024
378,JK-15370,Jay Kimmel,Consumer,572,12/13/2024
379,JK-15625,Jim Karlsson,Consumer,621,12/13/2024
380,JK-15640,Jim Kriz,Home Office,620,12/13/2024
381,JK-15730,Joe Kamberova,Consumer,422,12/13/2024
382,JK-16090,Juliana Krohn,Consumer,373,12/13/2024
383,JK-16120,Julie Kriz,Home Office,402,12/13/2024
384,JL-15130,Jack Lebron,Consumer,204,12/13/2024
385,JL-15175,James Lanier,Home Office,491,12/13/2024
386,JL-15235,Janet Lee,Consumer,519,12/13/2024
387,JL-15505,Jeremy Lonsdale,Consumer,315,12/13/2024
388,JL-15835,John Lee,Consumer,212,12/13/2024
389,JL-15850,John Lucas,Consumer,80,12/13/2024
390,JM-15250,Janet Martin,Consumer,122,12/13/2024
391,JM-15265,Janet Molinari,Corporate,266,12/13/2024
392,JM-15535,Jessica Myrick,Consumer,53,12/13/2024
393,JM-15580,Jill Matthias,Consumer,468,12/13/2024
394,JM-15655,Jim Mitchum,Corporate,508,12/13/2024
395,JM-15865,John Murray,Consumer,517,12/13/2024
396,JM-16195,Justin MacKendrick,Consumer,124,12/13/2024
397,JO-15145,Jack OBriant,Corporate,619,12/13/2024
398,JO-15280,Jas OCarroll,Consumer,202,12/13/2024
399,JO-15550,Jesus Ocampo,Home Office,373,12/13/2024
400,JP-15460,Jennifer Patt,Corporate,411,12/13/2024
401,JP-15520,Jeremy Pistek,Consumer,146,12/13/2024
402,JP-16135,Julie Prescott,Home Office,144,12/13/2024
403,JR-15670,Jim Radford,Consumer,28,12/13/2024
404,JR-15700,Jocasta Rupert,Consumer,149,12/13/2024
405,JR-16210,Justin Ritter,Corporate,252,12/13/2024
406,JS-15595,Jill Stevenson,Corporate,348,12/13/2024
407,JS-15685,Jim Sink,Corporate,159,12/13/2024
408,JS-15880,John Stevenson,Consumer,405,12/13/2024
409,JS-15940,Joni Sundaresam,Home Office,221,12/13/2024
410,JS-16030,Joy Smith,Consumer,422,12/13/2024
411,JW-15220,Jane Waco,Corporate,230,12/13/2024
412,JW-15955,Joni Wasserman,Consumer,210,12/13/2024
413,JW-16075,Julia West,Consumer,576,12/13/2024
414,KA-16525,Kelly Andreada,Consumer,55,12/13/2024
415,KB-16240,Karen Bern,Corporate,454,12/13/2024
416,KB-16315,Karl Braun,Consumer,515,12/13/2024
417,KB-16405,Katrina Bavinger,Home Office,545,12/13/2024
418,KB-16585,Ken Black,Corporate,619,12/13/2024
419,KB-16600,Ken Brennan,Corporate,279,12/13/2024
420,KC-16255,Karen Carlisle,Corporate,187,12/13/2024
421,KC-16540,Kelly Collister,Consumer,219,12/13/2024
422,KC-16675,Kimberly Carter,Corporate,620,12/13/2024
423,KD-16270,Karen Daniels,Consumer,54,12/13/2024
424,KD-16345,Katherine Ducich,Consumer,560,12/13/2024
425,KD-16495,Keith Dawkins,Corporate,517,12/13/2024
426,KD-16615,Ken Dana,Corporate,516,12/13/2024
427,KE-16420,Katrina Edelman,Corporate,80,12/13/2024
428,KF-16285,Karen Ferguson,Home Office,139,12/13/2024
429,KH-16330,Katharine Harms,Corporate,55,12/13/2024
430,KH-16360,Katherine Hughes,Consumer,210,12/13/2024
431,KH-16510,Keith Herrera,Consumer,577,12/13/2024
432,KH-16630,Ken Heidel,Corporate,620,12/13/2024
433,KH-16690,Kristen Hastings,Corporate,577,12/13/2024
434,KL-16555,Kelly Lampkin,Corporate,387,12/13/2024
435,KL-16645,Ken Lonsdale,Consumer,585,12/13/2024
436,KM-16225,Kalyca Meade,Corporate,575,12/13/2024
437,KM-16375,Katherine Murray,Home Office,389,12/13/2024
438,KM-16660,Khloe Miller,Consumer,521,12/13/2024
439,KM-16720,Kunst Miller,Consumer,6,12/13/2024
440,KN-16390,Katherine Nockton,Corporate,14,12/13/2024
441,KN-16450,Kean Nguyen,Corporate,93,12/13/2024
442,KN-16705,Kristina Nunn,Home Office,467,12/13/2024
443,KS-16300,Karen Seio,Corporate,115,12/13/2024
444,KT-16465,Kean Takahito,Consumer,576,12/13/2024
445,KT-16480,Kean Thornton,Consumer,144,12/13/2024
446,KW-16435,Katrina Willman,Consumer,52,12/13/2024
447,KW-16570,Kelly Williams,Consumer,576,12/13/2024
448,LA-16780,Laura Armstrong,Corporate,450,12/13/2024
449,LB-16735,Larry Blacks,Consumer,150,12/13/2024
450,LB-16795,Laurel Beltran,Home Office,85,12/13/2024
451,LC-16870,Lena Cacioppo,Consumer,465,12/13/2024
452,LC-16885,Lena Creighton,Consumer,400,12/13/2024
453,LC-16930,Linda Cazamias,Corporate,421,12/13/2024
454,LC-16960,Lindsay Castell,Home Office,96,12/13/2024
455,LC-17050,Liz Carlisle,Consumer,410,12/13/2024
456,LC-17140,Logan Currie,Consumer,578,12/13/2024
457,LD-16855,Lela Donovan,Corporate,348,12/13/2024
458,LD-17005,Lisa DeCherney,Consumer,269,12/13/2024
459,LE-16810,Laurel Elliston,Consumer,523,12/13/2024
460,LF-17185,Luke Foster,Consumer,521,12/13/2024
461,LH-16750,Larry Hughes,Consumer,122,12/13/2024
462,LH-16900,Lena Hernandez,Consumer,328,12/13/2024
463,LH-17020,Lisa Hazard,Consumer,460,12/13/2024
464,LH-17155,Logan Haushalter,Consumer,576,12/13/2024
465,LL-16840,Lauren Leatherbury,Consumer,516,12/13/2024
466,LM-17065,Liz MacKendrick,Consumer,65,12/13/2024
467,LO-17170,Lori Olson,Corporate,351,12/13/2024
468,LP-17080,Liz Pelletier,Consumer,577,12/13/2024
469,LP-17095,Liz Preis,Consumer,256,12/13/2024
470,LR-16915,Lena Radford,Consumer,197,12/13/2024
471,LR-17035,Lisa Ryan,Corporate,576,12/13/2024
472,LS-16945,Linda Southworth,Corporate,411,12/13/2024
473,LS-16975,Lindsay Shagiari,Home Office,373,12/13/2024
474,LS-17200,Luke Schmidt,Corporate,320,12/13/2024
475,LS-17230,Lycoris Saunders,Consumer,86,12/13/2024
476,LS-17245,Lynn Smith,Consumer,363,12/13/2024
477,LT-16765,Larry Tron,Consumer,237,12/13/2024
478,LT-17110,Liz Thompson,Consumer,222,12/13/2024
479,LW-16825,Laurel Workman,Corporate,429,12/13/2024
480,LW-16990,Lindsay Williams,Corporate,576,12/13/2024
481,LW-17125,Liz Willingham,Consumer,26,12/13/2024
482,LW-17215,Luke Weiss,Consumer,279,12/13/2024
483,MA-17560,Matt Abelman,Home Office,346,12/13/2024
484,MA-17995,Michelle Arnett,Home Office,68,12/13/2024
485,MB-17305,Maria Bertelson,Consumer,627,12/13/2024
486,MB-18085,Mick Brown,Consumer,597,12/13/2024
487,MC-17275,Marc Crier,Consumer,564,12/13/2024
488,MC-17425,Mark Cousins,Corporate,189,12/13/2024
489,MC-17575,Matt Collins,Consumer,123,12/13/2024
490,MC-17590,Matt Collister,Corporate,543,12/13/2024
491,MC-17605,Matt Connell,Corporate,516,12/13/2024
492,MC-17635,Matthew Clasen,Corporate,357,12/13/2024
493,MC-17845,Michael Chen,Consumer,55,12/13/2024
494,MC-18100,Mick Crebagga,Consumer,519,12/13/2024
495,MC-18130,Mike Caudle,Corporate,514,12/13/2024
496,MD-17350,Maribeth Dona,Consumer,235,12/13/2024
497,MD-17860,Michael Dominguez,Corporate,127,12/13/2024
498,ME-17320,Maria Etezadi,Home Office,273,12/13/2024
499,ME-17725,Max Engle,Consumer,107,12/13/2024
500,ME-18010,Michelle Ellison,Corporate,223,12/13/2024
501,MF-17665,Maureen Fritzler,Corporate,169,12/13/2024
502,MF-18250,Monica Federle,Corporate,385,12/13/2024
503,MG-17650,Matthew Grinstein,Home Office,223,12/13/2024
504,MG-17680,Maureen Gastineau,Home Office,228,12/13/2024
505,MG-17695,Maureen Gnade,Consumer,69,12/13/2024
506,MG-17875,Michael Grace,Home Office,170,12/13/2024
507,MG-17890,Michael Granlund,Home Office,20,12/13/2024
508,MG-18145,Mike Gockenbach,Consumer,518,12/13/2024
509,MG-18205,Mitch Gastineau,Corporate,149,12/13/2024
510,MH-17290,Marc Harrigan,Home Office,515,12/13/2024
511,MH-17440,Mark Haberlin,Corporate,55,12/13/2024
512,MH-17455,Mark Hamilton,Consumer,347,12/13/2024
513,MH-17620,Matt Hagelstein,Corporate,577,12/13/2024
514,MH-17785,Maya Herman,Corporate,452,12/13/2024
515,MH-18025,Michelle Huthwaite,Consumer,201,12/13/2024
516,MH-18115,Mick Hernandez,Home Office,187,12/13/2024
517,MJ-17740,Max Jones,Consumer,81,12/13/2024
518,MK-17905,Michael Kennedy,Corporate,169,12/13/2024
519,MK-18160,Mike Kennedy,Consumer,105,12/13/2024
520,ML-17395,Marina Lichtenstein,Corporate,80,12/13/2024
521,ML-17410,Maris LaWare,Consumer,82,12/13/2024
522,ML-17755,Max Ludwig,Home Office,591,12/13/2024
523,ML-18040,Michelle Lonsdale,Corporate,502,12/13/2024
524,ML-18265,Muhammed Lee,Consumer,619,12/13/2024
525,MM-17260,Magdelene Morse,Consumer,85,12/13/2024
526,MM-17920,Michael Moore,Consumer,439,12/13/2024
527,MM-18055,Michelle Moray,Consumer,621,12/13/2024
528,MM-18280,Muhammed MacIntyre,Corporate,52,12/13/2024
529,MN-17935,Michael Nguyen,Consumer,52,12/13/2024
530,MO-17500,Mary ORourke,Consumer,347,12/13/2024
531,MO-17800,Meg OConnel,Home Office,135,12/13/2024
532,MO-17950,Michael Oakman,Consumer,125,12/13/2024
533,MP-17470,Mark Packer,Home Office,222,12/13/2024
534,MP-17965,Michael Paige,Corporate,5,12/13/2024
535,MP-18175,Mike Pelletier,Home Office,538,12/13/2024
536,MR-17545,Mathew Reese,Home Office,54,12/13/2024
537,MS-17365,Maribeth Schnelling,Consumer,577,12/13/2024
538,MS-17530,MaryBeth Skach,Consumer,620,12/13/2024
539,MS-17710,Maurice Satty,Consumer,490,12/13/2024
540,MS-17770,Maxwell Schwartz,Consumer,576,12/13/2024
541,MS-17830,Melanie Seite,Consumer,93,12/13/2024
542,MS-17980,Michael Stewart,Corporate,80,12/13/2024
543,MT-17815,Meg Tillman,Consumer,52,12/13/2024
544,MT-18070,Michelle Tran,Home Office,518,12/13/2024
545,MV-17485,Mark Van Huff,Consumer,423,12/13/2024
546,MV-18190,Mike Vittorini,Consumer,52,12/13/2024
547,MW-18220,Mitch Webber,Consumer,619,12/13/2024
548,MW-18235,Mitch Willingham,Corporate,578,12/13/2024
549,MY-17380,Maribeth Yedwab,Corporate,441,12/13/2024
550,MY-18295,Muhammed Yedwab,Corporate,116,12/13/2024
551,MZ-17335,Maria Zettner,Home Office,576,12/13/2024
552,MZ-17515,Mary Zewe,Corporate,53,12/13/2024
553,NB-18580,Nicole Brennan,Corporate,379,12/13/2024
554,NB-18655,Nona Balk,Corporate,43,12/13/2024
555,NC-18340,Nat Carroll,Consumer,317,12/13/2024
556,NC-18415,Nathan Cano,Consumer,425,12/13/2024
557,NC-18535,Nick Crebassa,Corporate,14,12/13/2024
558,NC-18625,Noah Childs,Corporate,410,12/13/2024
559,ND-18370,Natalie DeCherney,Consumer,149,12/13/2024
560,ND-18460,Neil Ducich,Corporate,56,12/13/2024
561,NF-18385,Natalie Fritzler,Consumer,108,12/13/2024
562,NF-18475,Neil Französisch,Home Office,350,12/13/2024
563,NF-18595,Nicole Fjeld,Home Office,346,12/13/2024
564,NG-18355,Nat Gilpin,Corporate,219,12/13/2024
565,NG-18430,Nathan Gelder,Consumer,450,12/13/2024
566,NH-18610,Nicole Hansen,Corporate,533,12/13/2024
567,NK-18490,Neil Knudson,Home Office,153,12/13/2024
568,NL-18310,Nancy Lomonaco,Home Office,583,12/13/2024
569,NM-18445,Nathan Mautz,Home Office,53,12/13/2024
570,NM-18520,Neoma Murray,Consumer,25,12/13/2024
571,NP-18325,Naresj Patel,Consumer,538,12/13/2024
572,NP-18670,Nora Paige,Consumer,358,12/13/2024
573,NP-18685,Nora Pelletier,Home Office,70,12/13/2024
574,NP-18700,Nora Preis,Consumer,576,12/13/2024
575,NR-18550,Nick Radford,Consumer,160,12/13/2024
576,NS-18505,Neola Schneider,Consumer,411,12/13/2024
577,NS-18640,Noel Staavos,Corporate,346,12/13/2024
578,NW-18400,Natalie Webber,Consumer,282,12/13/2024
579,NZ-18565,Nick Zandusky,Home Office,477,12/13/2024
580,ON-18715,Odella Nelson,Corporate,109,12/13/2024
581,OT-18730,Olvera Toch,Consumer,104,12/13/2024
582,PA-19060,Pete Armstrong,Home Office,411,12/13/2024
583,PB-18805,Patrick Bzostek,Home Office,621,12/13/2024
584,PB-19105,Peter Bühler,Consumer,81,12/13/2024
585,PB-19150,Philip Brown,Consumer,621,12/13/2024
586,PB-19210,Phillip Breyer,Corporate,395,12/13/2024
587,PC-18745,Pamela Coakley,Corporate,468,12/13/2024
588,PC-19000,Pauline Chand,Home Office,514,12/13/2024
589,PF-19120,Peter Fuller,Consumer,55,12/13/2024
590,PF-19165,Philip Fox,Consumer,626,12/13/2024
591,PF-19225,Phillip Flathmann,Consumer,614,12/13/2024
592,PG-18820,Patrick Gardner,Consumer,577,12/13/2024
593,PG-18895,Paul Gonzalez,Consumer,576,12/13/2024
594,PH-18790,Patricia Hirasaki,Home Office,180,12/13/2024
595,PJ-18835,Patrick Jones,Corporate,578,12/13/2024
596,PJ-19015,Pauline Johnson,Consumer,222,12/13/2024
597,PK-18910,Paul Knutson,Home Office,82,12/13/2024
598,PK-19075,Pete Kriz,Consumer,128,12/13/2024
599,PL-18925,Paul Lucas,Home Office,621,12/13/2024
600,PM-18940,Paul MacIntyre,Consumer,95,12/13/2024
601,PM-19135,Peter McVee,Home Office,149,12/13/2024
602,PN-18775,Parhena Norris,Home Office,169,12/13/2024
603,PO-18850,Patrick OBrill,Consumer,287,12/13/2024
604,PO-18865,Patrick ODonnell,Consumer,52,12/13/2024
605,PO-19180,Philisse Overcash,Home Office,290,12/13/2024
606,PO-19195,Phillina Ober,Home Office,53,12/13/2024
607,PP-18955,Paul Prost,Home Office,158,12/13/2024
608,PR-18880,Patrick Ryan,Consumer,576,12/13/2024
609,PS-18760,Pamela Stobb,Consumer,81,12/13/2024
610,PS-18970,Paul Stevenson,Home Office,395,12/13/2024
611,PS-19045,Penelope Sewall,Home Office,516,12/13/2024
612,PT-19090,Pete Takahito,Consumer,149,12/13/2024
613,PV-18985,Paul Van Hugh,Home Office,517,12/13/2024
614,PW-19030,Pauline Webber,Corporate,68,12/13/2024
615,PW-19240,Pierre Wener,Consumer,81,12/13/2024
616,QJ-19255,Quincy Jones,Corporate,82,12/13/2024
617,RA-19285,Ralph Arnett,Consumer,55,12/13/2024
618,RA-19885,Ruben Ausman,Corporate,141,12/13/2024
619,RA-19915,Russell Applegate,Consumer,538,12/13/2024
620,RA-19945,Ryan Akin,Consumer,410,12/13/2024
621,RB-19330,Randy Bradley,Consumer,450,12/13/2024
622,RB-19360,Raymond Buch,Consumer,239,12/13/2024
623,RB-19435,Richard Bierner,Consumer,40,12/13/2024
624,RB-19465,Rick Bensley,Home Office,372,12/13/2024
625,RB-19570,Rob Beeghly,Consumer,252,12/13/2024
626,RB-19645,Robert Barroso,Corporate,510,12/13/2024
627,RB-19705,Roger Barcio,Home Office,605,12/13/2024
628,RB-19795,Ross Baird,Home Office,79,12/13/2024
629,RC-19825,Roy Collins,Consumer,470,12/13/2024
630,RC-19960,Ryan Crowe,Consumer,149,12/13/2024
631,RD-19480,Rick Duston,Consumer,425,12/13/2024
632,RD-19585,Rob Dowd,Consumer,400,12/13/2024
633,RD-19660,Robert Dilbeck,Home Office,362,12/13/2024
634,RD-19720,Roger Demir,Consumer,80,12/13/2024
635,RD-19810,Ross DeVincentis,Home Office,71,12/13/2024
636,RD-19900,Ruben Dartt,Consumer,605,12/13/2024
637,RD-19930,Russell DAscenzo,Consumer,347,12/13/2024
638,RE-19405,Ricardo Emerson,Consumer,233,12/13/2024
639,RE-19450,Richard Eichhorn,Consumer,407,12/13/2024
640,RF-19345,Randy Ferguson,Corporate,346,12/13/2024
641,RF-19735,Roland Fjeld,Consumer,264,12/13/2024
642,RF-19840,Roy Französisch,Consumer,54,12/13/2024
643,RH-19495,Rick Hansen,Consumer,464,12/13/2024
644,RH-19510,Rick Huthwaite,Home Office,17,12/13/2024
645,RH-19555,Ritsa Hightower,Consumer,122,12/13/2024
646,RH-19600,Rob Haberlin,Consumer,187,12/13/2024
647,RK-19300,Ralph Kennedy,Consumer,81,12/13/2024
648,RL-19615,Rob Lucas,Consumer,123,12/13/2024
649,RM-19375,Raymond Messe,Consumer,590,12/13/2024
650,RM-19675,Robert Marley,Home Office,519,12/13/2024
651,RM-19750,Roland Murray,Consumer,53,12/13/2024
652,RO-19780,Rose OBrian,Consumer,424,12/13/2024
653,RP-19270,Rachel Payne,Corporate,621,12/13/2024
654,RP-19390,Resi Pölking,Consumer,53,12/13/2024
655,RP-19855,Roy Phan,Corporate,425,12/13/2024
656,RR-19315,Ralph Ritter,Consumer,343,12/13/2024
657,RR-19525,Rick Reed,Corporate,368,12/13/2024
658,RS-19420,Ricardo Sperren,Corporate,33,12/13/2024
659,RS-19765,Roland Schwarz,Corporate,131,12/13/2024
660,RS-19870,Roy Skaria,Home Office,287,12/13/2024
661,RW-19540,Rick Wilson,Corporate,619,12/13/2024
662,RW-19630,Rob Williams,Corporate,55,12/13/2024
663,RW-19690,Robert Waldorf,Consumer,519,12/13/2024
664,SA-20830,Sue Ann Reed,Consumer,11,12/13/2024
665,SB-20170,Sarah Bern,Consumer,55,12/13/2024
666,SB-20185,Sarah Brown,Consumer,54,12/13/2024
667,SB-20290,Sean Braxton,Corporate,241,12/13/2024
668,SC-20020,Sam Craven,Consumer,81,12/13/2024
669,SC-20050,Sample Company A,Home Office,217,12/13/2024
670,SC-20095,Sanjit Chand,Consumer,13,12/13/2024
671,SC-20230,Scot Coram,Corporate,620,12/13/2024
672,SC-20260,Scott Cohen,Corporate,52,12/13/2024
673,SC-20305,Sean Christensen,Consumer,81,12/13/2024
674,SC-20380,Shahid Collister,Consumer,109,12/13/2024
675,SC-20440,Shaun Chance,Corporate,75,12/13/2024
676,SC-20575,Sonia Cooley,Consumer,517,12/13/2024
677,SC-20680,Steve Carroll,Home Office,144,12/13/2024
678,SC-20695,Steve Chapman,Corporate,423,12/13/2024
679,SC-20725,Steven Cartwright,Consumer,54,12/13/2024
680,SC-20770,Stewart Carmichael,Corporate,441,12/13/2024
681,SC-20800,Stuart Calhoun,Consumer,445,12/13/2024
682,SC-20845,Sung Chung,Consumer,460,12/13/2024
683,SD-20485,Shirley Daniels,Home Office,348,12/13/2024
684,SE-20110,Sanjit Engle,Consumer,555,12/13/2024
685,SF-20065,Sandra Flanagan,Consumer,11,12/13/2024
686,SF-20200,Sarah Foster,Consumer,624,12/13/2024
687,SF-20965,Sylvia Foulston,Corporate,222,12/13/2024
688,SG-20080,Sandra Glassco,Consumer,362,12/13/2024
689,SG-20470,Sheri Gordon,Consumer,53,12/13/2024
690,SG-20605,Speros Goranitis,Consumer,127,12/13/2024
691,SG-20890,Susan Gilcrest,Corporate,443,12/13/2024
692,SH-19975,Sally Hughsby,Corporate,620,12/13/2024
693,SH-20395,Shahid Hopkins,Consumer,225,12/13/2024
694,SH-20635,Stefanie Holloman,Corporate,204,12/13/2024
695,SJ-20125,Sanjit Jacobs,Home Office,159,12/13/2024
696,SJ-20215,Sarah Jordon,Consumer,403,12/13/2024
697,SJ-20500,Shirley Jackson,Consumer,422,12/13/2024
698,SK-19990,Sally Knutson,Consumer,225,12/13/2024
699,SL-20155,Sara Luxemburg,Home Office,396,12/13/2024
700,SM-20005,Sally Matthias,Consumer,423,12/13/2024
701,SM-20320,Sean Miller,Home Office,121,12/13/2024
702,SM-20905,Susan MacKendrick,Consumer,219,12/13/2024
703,SM-20950,Suzanne McNair,Corporate,53,12/13/2024
704,SN-20560,Skye Norling,Home Office,348,12/13/2024
705,SN-20710,Steve Nguyen,Home Office,350,12/13/2024
706,SO-20335,Sean ODonnell,Consumer,620,12/13/2024
707,SP-20545,Sibella Parks,Corporate,54,12/13/2024
708,SP-20620,Stefania Perrino,Corporate,69,12/13/2024
709,SP-20650,Stephanie Phelps,Corporate,591,12/13/2024
710,SP-20860,Sung Pak,Corporate,410,12/13/2024
711,SP-20920,Susan Pistek,Consumer,348,12/13/2024
712,SR-20425,Sharelle Roach,Home Office,184,12/13/2024
713,SR-20740,Steven Roelle,Home Office,54,12/13/2024
714,SS-20140,Saphhira Shifley,Corporate,337,12/13/2024
715,SS-20410,Shahid Shariari,Consumer,211,12/13/2024
716,SS-20515,Shirley Schmidt,Home Office,289,12/13/2024
717,SS-20590,Sonia Sunley,Consumer,576,12/13/2024
718,SS-20875,Sung Shariari,Consumer,617,12/13/2024
719,ST-20530,Shui Tom,Consumer,182,12/13/2024
720,SU-20665,Stephanie Ulpright,Home Office,207,12/13/2024
721,SV-20365,Seth Vernon,Consumer,55,12/13/2024
722,SV-20785,Stewart Visinsky,Consumer,93,12/13/2024
723,SV-20815,Stuart Van,Corporate,482,12/13/2024
724,SV-20935,Susan Vittorini,Consumer,502,12/13/2024
725,SW-20245,Scot Wooten,Consumer,343,12/13/2024
726,SW-20275,Scott Williamson,Consumer,207,12/13/2024
727,SW-20350,Sean Wendt,Home Office,229,12/13/2024
728,SW-20455,Shaun Weien,Consumer,538,12/13/2024
729,SW-20755,Steven Ward,Corporate,52,12/13/2024
730,SZ-20035,Sam Zeldin,Home Office,266,12/13/2024
731,TA-21385,Tom Ashbrook,Home Office,54,12/13/2024
732,TB-21055,Ted Butterfield,Consumer,27,12/13/2024
733,TB-21175,Thomas Boland,Corporate,217,12/13/2024
734,TB-21190,Thomas Brumley,Home Office,518,12/13/2024
735,TB-21250,Tim Brockman,Consumer,450,12/13/2024
736,TB-21280,Toby Braunhardt,Consumer,87,12/13/2024
737,TB-21355,Todd Boyes,Corporate,408,12/13/2024
738,TB-21400,Tom Boeckenhauer,Consumer,619,12/13/2024
739,TB-21520,Tracy Blumstein,Consumer,277,12/13/2024
740,TB-21595,Troy Blackwell,Consumer,252,12/13/2024
741,TB-21625,Trudy Brown,Consumer,80,12/13/2024
742,TC-20980,Tamara Chand,Corporate,620,12/13/2024
743,TC-21145,Theresa Coyne,Corporate,49,12/13/2024
744,TC-21295,Toby Carlisle,Consumer,538,12/13/2024
745,TC-21475,Tony Chapman,Home Office,230,12/13/2024
746,TC-21535,Tracy Collins,Home Office,222,12/13/2024
747,TD-20995,Tamara Dahlen,Consumer,79,12/13/2024
748,TG-21310,Toby Gnade,Consumer,55,12/13/2024
749,TG-21640,Trudy Glocke,Consumer,360,12/13/2024
750,TH-21100,Thea Hendricks,Consumer,518,12/13/2024
751,TH-21115,Thea Hudgings,Corporate,81,12/13/2024
752,TH-21235,Tiffany House,Corporate,516,12/13/2024
753,TH-21550,Tracy Hopkins,Home Office,109,12/13/2024
754,TM-21010,Tamara Manning,Consumer,375,12/13/2024
755,TM-21490,Tony Molinari,Consumer,577,12/13/2024
756,TN-21040,Tanja Norvell,Home Office,577,12/13/2024
757,TP-21130,Theone Pippenger,Consumer,268,12/13/2024
758,TP-21415,Tom Prescott,Consumer,621,12/13/2024
759,TP-21565,Tracy Poddar,Corporate,457,12/13/2024
760,TR-21325,Toby Ritter,Consumer,42,12/13/2024
761,TS-21085,Thais Sissman,Consumer,148,12/13/2024
762,TS-21160,Theresa Swint,Corporate,293,12/13/2024
763,TS-21205,Thomas Seio,Corporate,197,12/13/2024
764,TS-21340,Toby Swindell,Consumer,54,12/13/2024
765,TS-21370,Todd Sumrall,Corporate,55,12/13/2024
766,TS-21430,Tom Stivers,Corporate,542,12/13/2024
767,TS-21505,Tony Sayre,Consumer,463,12/13/2024
768,TS-21610,Troy Staebel,Consumer,489,12/13/2024
769,TS-21655,Trudy Schmidt,Consumer,531,12/13/2024
770,TT-21070,Ted Trevino,Consumer,198,12/13/2024
771,TT-21220,Thomas Thornton,Consumer,518,12/13/2024
772,TT-21265,Tim Taslimi,Corporate,244,12/13/2024
773,TT-21460,Tonja Turnell,Home Office,577,12/13/2024
774,TW-21025,Tamara Willingham,Home Office,490,12/13/2024
775,TZ-21580,Tracy Zic,Consumer,578,12/13/2024
776,VB-21745,Victoria Brennan,Corporate,212,12/13/2024
777,VD-21670,Valerie Dominguez,Consumer,207,12/13/2024
778,VF-21715,Vicky Freymann,Home Office,252,12/13/2024
779,VG-21790,Vivek Gonzalez,Consumer,619,12/13/2024
780,VG-21805,Vivek Grady,Corporate,49,12/13/2024
781,VM-21685,Valerie Mitchum,Home Office,41,12/13/2024
782,VM-21835,Vivian Mathis,Consumer,19,12/13/2024
783,VP-21730,Victor Preis,Home Office,53,12/13/2024
784,VP-21760,Victoria Pisteka,Corporate,205,12/13/2024
785,VS-21820,Vivek Sundaresam,Consumer,517,12/13/2024
786,VT-21700,Valerie Takahito,Home Office,82,12/13/2024
787,VW-21775,Victoria Wilson,Corporate,578,12/13/2024
788,WB-21850,William Brown,Consumer,82,12/13/2024
789,XP-21865,Xylona Preis,Consumer,11,12/13/2024
790,YC-21895,Yoseph Carroll,Corporate,372,12/13/2024
791,YS-21880,Yana Sorensen,Corporate,587,12/13/2024
792,ZC-21910,Zuschuss Carroll,Consumer,518,12/13/2024
793,ZD-21925,Zuschuss Donatelli,Consumer,517,12/13/2024
